Date,Close/Last,Volume,Open,High,Low
2024-11-29,67.08,30104050,65.89,67.16,65.47
2024-11-27,66.05,53839900,66.24,67.56,64.24
2024-11-26,65.74,46923570,64.57,65.85,63.89
2024-11-25,64.65,80640470,66.9,67.88,64.08
2024-11-22,64.35,61381710,61.6,64.44,61.37
2024-11-21,61.36,56336740,62.04,63.4,60.895
2024-11-20,62.12,59182180,62.59,63.08,59.96
2024-11-19,62.98,75557820,59.51,63.01,59.265
2024-11-18,61.26,137877600,64.92,64.92,58.85
2024-11-15,65.77,155280400,61.01,66.0,60.91
2024-11-14,59.18,59968240,61.05,61.17,58.53
2024-11-13,60.7,85937360,61.52,63.39,59.85
2024-11-12,59.85,59061340,59.01,60.09,58.57
2024-11-11,60.24,108357800,60.133,62.08,58.69
2024-11-08,58.39,84124030,55.57,58.48,55.3
2024-11-07,55.88,121591200,55.82,56.47,53.55
2024-11-06,55.53,114255900,53.44,55.69,51.61
2024-11-05,51.13,208868200,47.86,51.575,46.86
2024-11-04,41.41,75413300,41.08,42.04,41.0315
2024-11-01,41.92,33722520,41.93,42.57,41.59
2024-10-31,41.56,50973360,42.79,43.32,40.9
2024-10-30,43.69,31309230,44.58,44.8,43.61
2024-10-29,44.93,26154710,44.9,45.07,44.04
2024-10-28,44.97,36729700,45.05,45.14,44.68
2024-10-25,44.86,50416490,43.85,45.07,43.645
2024-10-24,43.56,34079560,42.89,43.73,42.66
2024-10-23,42.59,35646980,42.85,43.68,42.055
2024-10-22,42.94,27830730,42.69,43.49,42.3
2024-10-21,42.7,30719780,42.86,43.4,42.41
2024-10-18,42.97,33969020,42.015,42.99,41.65
2024-10-17,42.0,34028410,42.15,42.7,41.61
2024-10-16,41.93,59157940,42.4,42.49,40.36
2024-10-15,42.43,48296970,43.475,43.68,41.515
2024-10-14,43.4,41010910,43.72,44.39,43.28
2024-10-11,43.51,66206890,43.4,44.38,42.62
2024-10-10,43.52,62516310,42.92,43.8784,42.4101
2024-10-09,43.13,86404700,41.55,43.34,41.21
2024-10-08,41.45,62542950,39.29,41.49,39.015
2024-10-07,38.89,44124770,39.9,40.15,38.775
2024-10-04,40.01,62657550,39.65,40.29,39.4
2024-10-03,39.24,57196450,37.45,39.29,37.37
2024-10-02,37.49,34988910,36.3,37.68,36.145
2024-10-01,36.46,52858040,37.21,37.56,36.05
2024-09-30,37.2,42223550,36.58,37.32,36.15
2024-09-27,36.84,43219120,36.91,37.47,36.59
2024-09-26,37.1,48601990,37.26,37.44,36.6
2024-09-25,37.12,46511720,36.89,37.18,36.3827
2024-09-24,36.9,79519250,37.97,37.98,36.43
2024-09-23,37.95,79460740,36.86,38.19,36.57
2024-09-20,37.2,450290500,36.01,37.29,35.71
2024-09-19,36.83,59882040,37.0,37.35,36.2
2024-09-18,36.38,66279770,35.9,37.11,35.8712
2024-09-17,36.45,64461750,37.0,37.05,35.87
2024-09-16,36.31,74767330,35.78,36.92,35.56
2024-09-13,35.59,49727170,34.97,36.01,34.89
2024-09-12,34.91,54391840,34.86,35.4,34.5308
2024-09-11,34.85,68302250,34.01,34.87,33.62
2024-09-10,34.76,91720990,34.81,35.2,33.71
2024-09-09,34.6,140582500,32.7,34.7,32.47
2024-09-06,30.33,50946780,30.6,31.04,29.5
2024-09-05,30.16,24012330,30.24,30.74,30.01
2024-09-04,30.59,33419490,30.0,30.85,29.31
2024-09-03,30.51,34531600,31.35,31.5892,30.165
2024-08-30,31.48,42388020,31.05,31.5,30.7
2024-08-29,31.0,39732990,30.65,31.82,30.484
2024-08-28,30.36,33961370,30.62,30.8,29.75
2024-08-27,30.84,23541260,30.55,31.12,30.38
2024-08-26,30.85,35283630,31.43,31.74,30.79
2024-08-23,31.78,34121180,31.99,32.55,31.622
2024-08-22,31.92,43522220,32.55,33.125,31.85
2024-08-21,32.54,38147560,32.32,32.67,31.97
2024-08-20,32.32,40783010,32.5,32.72,31.63
2024-08-19,32.5,52353640,32.42,32.59,31.814
2024-08-16,32.08,64870640,31.04,32.75,30.98
2024-08-15,31.22,43407610,31.31,31.495,30.83
2024-08-14,31.0,49885640,30.62,31.37,30.33
2024-08-13,30.39,57294210,29.7887,30.8498,29.56
2024-08-12,29.38,67890320,30.22,31.2,29.27
2024-08-09,30.01,88131110,29.28,30.36,29.1
2024-08-08,29.28,96892920,27.04,29.375,26.69
2024-08-07,26.32,75975380,27.07,28.36,26.24
2024-08-06,26.59,99622680,27.05,27.42,25.57
2024-08-05,24.09,88023470,21.74,24.42,21.23
2024-08-02,24.74,56092590,24.75,24.87,23.75
2024-08-01,26.08,31189610,27.02,27.535,25.83
2024-07-31,26.89,29111610,27.02,27.39,26.88
2024-07-30,26.37,31819910,27.25,27.44,25.89
2024-07-29,27.08,26038840,27.56,27.8,26.73
2024-07-26,27.18,27432220,27.0,27.34,26.77
2024-07-25,26.63,45474610,26.04,27.288,25.42
2024-07-24,26.6,49004110,28.44,28.685,26.58
2024-07-23,28.81,31134260,28.34,29.19,28.31
2024-07-22,28.46,38037810,28.93,28.97,27.69
2024-07-19,28.58,49581640,28.31,29.6,28.27
2024-07-18,28.64,76485560,28.42,29.83,28.15
2024-07-17,28.22,45203460,28.0,28.87,27.6
2024-07-16,28.67,59330680,28.18,28.84,27.47
2024-07-15,28.67,49186350,28.42,29.3,27.9
2024-07-12,28.07,30760270,27.32,28.13,27.28
2024-07-11,27.64,61546060,28.49,28.59,26.9
2024-07-10,28.42,43231030,27.5,28.47,27.37
2024-07-09,27.39,53226530,27.93,28.38,27.23
2024-07-08,27.7,59611160,27.93,27.986,26.84
2024-07-05,27.23,46703730,26.0,27.25,25.975
2024-07-03,25.85,18433840,25.96,26.27,25.76
2024-07-02,25.83,32148240,25.84,26.43,25.75
2024-07-01,25.88,33167920,25.48,26.02,25.1421
2024-06-28,25.33,38886440,25.28,25.57,25.03
2024-06-27,25.22,37882860,24.1,25.4,24.05
2024-06-26,24.1,24331380,24.47,24.66,24.025
2024-06-25,24.56,29657250,24.16,24.63,23.9201
2024-06-24,24.16,36477410,23.44,24.3874,23.3
2024-06-21,23.84,69981580,24.71,26.09,23.53
2024-06-20,25.56,66734960,26.44,26.57,25.155
2024-06-18,25.82,54458580,25.15,26.025,24.83
2024-06-17,25.02,54101500,23.47,25.06,23.45
2024-06-14,23.57,26618280,23.15,23.72,22.84
2024-06-13,23.27,26035050,23.85,24.14,23.15
2024-06-12,23.77,38542720,24.2,24.33,23.57
2024-06-11,23.85,30601850,23.06,23.95,22.89
2024-06-10,23.13,31509280,22.75,23.16,22.66
2024-06-07,23.31,37149880,23.24,23.57,23.06
2024-06-06,23.79,60400370,22.98,23.95,22.98
2024-06-05,22.96,39825390,22.48,22.98,22.22
2024-06-04,22.1,41974050,21.05,22.26,21.04
2024-06-03,21.32,33876070,21.7,21.79,21.005
2024-05-31,21.68,44416070,21.79,22.2,21.31
2024-05-30,21.73,47583130,21.28,21.96,21.02
2024-05-29,20.94,24834240,20.77,20.99,20.64
2024-05-28,21.05,26274190,21.06,21.22,20.73
2024-05-24,21.01,22158710,20.72,21.15,20.65
2024-05-23,20.72,36887630,21.39,21.5198,20.63
2024-05-22,21.17,25212470,21.23,21.42,21.08
2024-05-21,21.24,27953960,21.34,21.45,21.12
2024-05-20,21.62,35255260,21.77,21.77,21.22
2024-05-17,21.76,30032250,21.78,22.1693,21.56
2024-05-16,21.65,27416680,21.74,21.87,21.535
2024-05-15,21.67,39424030,21.73,21.8099,21.185
2024-05-14,21.44,57894350,20.95,22.07,20.93
2024-05-13,20.94,37524810,20.6,21.19,20.6
2024-05-10,20.6,59845410,21.27,21.37,20.5
2024-05-09,21.14,54101940,21.49,21.58,20.94
2024-05-08,21.56,67582880,21.58,21.73,21.06
2024-05-07,21.4,161061600,21.99,22.7,21.35
2024-05-06,25.21,175936600,24.37,25.355,24.03
2024-05-03,23.33,55976410,23.48,23.64,22.91
2024-05-02,22.55,30396130,22.6,22.715,22.1
2024-05-01,22.12,34812850,21.93,22.83,21.63
2024-04-30,21.97,30511880,22.77,22.87,21.95
2024-04-29,22.83,30330700,22.75,23.09,22.545
2024-04-26,22.52,33119770,22.05,22.67,21.91
2024-04-25,21.71,26226710,20.82,21.7399,20.66
2024-04-24,21.59,34426480,22.05,22.25,21.3
2024-04-23,21.64,36304630,21.25,22.06,21.23
2024-04-22,20.97,31894520,20.72,21.08,20.36
2024-04-19,20.47,39632590,20.98,21.43,20.33
2024-04-18,21.13,34550540,21.25,21.43,20.7
2024-04-17,21.31,30139800,22.01,22.11,21.22
2024-04-16,21.88,33869200,21.59,21.99,21.27
2024-04-15,21.9,38182080,22.79,23.13,21.83
2024-04-12,22.67,36764460,22.7,23.2,22.41
2024-04-11,22.84,26399380,22.65,22.91,22.25
2024-04-10,22.42,28642930,22.22,22.71,22.01
2024-04-09,22.81,27724530,23.01,23.0868,22.46
2024-04-08,23.0,25022710,23.08,23.2,22.67
2024-04-05,22.96,38716820,22.42,23.32,22.3065
2024-04-04,22.48,64995300,23.82,24.1,22.4
2024-04-03,22.7,30357410,22.44,23.01,22.38
2024-04-02,22.72,39770570,22.0,22.79,21.72
2024-04-01,22.86,41000030,22.98,23.21,22.4
2024-03-28,23.01,70008170,24.17,24.28,22.94
2024-03-27,24.51,38600090,25.0,25.48,24.26
2024-03-26,24.89,43610460,24.76,25.47,24.4702
2024-03-25,24.51,29255900,24.12,24.62,24.05
2024-03-22,24.18,25453030,24.2,24.475,24.02
2024-03-21,24.49,37099610,25.3,25.33,24.44
2024-03-20,24.57,40273770,23.77,24.65,23.67
2024-03-19,23.8,43247250,23.5,23.83,22.92
2024-03-18,24.0,44083040,23.77,24.18,23.32
2024-03-15,23.49,61421000,23.85,24.1,23.42
2024-03-14,24.43,49214780,24.83,24.97,24.14
2024-03-13,25.0,59712990,24.7,25.44,24.6
2024-03-12,24.7,75202610,25.57,25.64,24.35
2024-03-11,25.35,60829270,25.89,26.83,25.29
2024-03-08,26.04,84256120,27.19,27.28,25.81
2024-03-07,26.46,117519300,27.01,27.5,26.38
2024-03-06,26.16,207386900,25.75,26.75,24.53
2024-03-05,23.81,49542270,23.96,24.4092,23.43
2024-03-04,24.04,64320030,24.4,24.58,23.53
2024-03-01,24.93,64794410,25.3,25.69,24.535
2024-02-29,25.08,62753300,24.81,25.2928,24.36
2024-02-28,24.42,47313980,24.52,24.84,24.245
2024-02-27,24.53,64967420,23.76,24.62,23.72
2024-02-26,23.56,46499480,23.03,23.88,22.94
2024-02-23,22.97,48840770,23.53,24.07,22.82
2024-02-22,23.59,64458250,23.77,23.95,23.05
2024-02-21,22.74,60411460,22.3,22.9299,22.29
2024-02-20,23.4,93374350,23.84,24.0,22.715
2024-02-16,24.44,65498230,24.96,25.495,24.39
2024-02-15,25.41,70544320,25.04,25.46,24.71
2024-02-14,25.19,97227930,24.15,25.5,23.755
2024-02-13,24.01,102293300,23.53,24.66,23.31
2024-02-12,25.05,108173000,23.91,25.525,23.82
2024-02-09,24.38,149062000,25.04,25.11,23.57
2024-02-08,24.51,212671100,23.96,25.06,23.32
2024-02-07,23.6,254911100,21.6,23.87,21.38
2024-02-06,21.87,421271500,20.3,22.18,19.76
2024-02-05,16.72,167698300,17.56,17.87,16.48
2024-02-02,17.02,57672680,16.34,17.02,16.145
2024-02-01,16.33,40454380,16.21,16.4868,16.03
2024-01-31,16.09,43582550,16.41,16.76,16.07
2024-01-30,16.74,36388180,17.04,17.24,16.66
2024-01-29,17.09,35987780,16.45,17.11,16.43
2024-01-26,16.35,28612150,16.4,16.75,16.34
2024-01-25,16.46,44589040,16.92,17.0,16.31
2024-01-24,16.75,42710700,17.51,17.65,16.735
2024-01-23,17.33,37794300,17.64,17.73,17.2
2024-01-22,17.6,85573910,17.46,18.3503,17.43
2024-01-19,16.78,40690630,16.57,16.78,16.15
2024-01-18,16.4,35239740,16.75,16.81,16.1
2024-01-17,16.39,30832780,16.26,16.41,16.05
2024-01-16,16.53,32659260,16.59,16.74,16.29
2024-01-12,16.76,33952550,16.68,17.06,16.62
2024-01-11,16.68,39552370,16.81,16.93,16.17
2024-01-10,16.79,41254400,16.5,17.0299,16.4
2024-01-09,16.39,35794470,16.51,16.63,16.28
2024-01-08,16.67,49089950,16.22,16.89,16.14
2024-01-05,15.98,57700010,15.7,16.1279,15.664
2024-01-04,16.25,39937700,16.05,16.58,15.95
2024-01-03,16.09,46865200,16.12,16.38,16.01
2024-01-02,16.58,41626680,16.95,16.95,16.5
2023-12-29,17.17,38943470,17.52,17.64,17.1
2023-12-28,17.56,38989960,17.46,17.84,17.42
2023-12-27,17.47,32918440,17.78,17.91,17.45
2023-12-26,17.68,31750740,17.44,17.745,17.3299
2023-12-22,17.41,33693790,17.7,17.7,17.325
2023-12-21,17.59,30493550,17.53,17.74,17.42
2023-12-20,17.25,58666900,17.87,17.92,17.19
2023-12-19,17.95,43530310,17.98,18.19,17.84
2023-12-18,17.84,60188150,18.21,18.575,17.77
2023-12-15,18.2,93307120,18.67,19.15,18.04
2023-12-14,18.21,67462760,18.17,18.58,17.72
2023-12-13,17.87,52682620,17.65,17.9,17.22
2023-12-12,17.5,46231910,17.69,17.88,17.2301
2023-12-11,17.77,50929620,17.97,18.28,17.7
2023-12-08,17.77,57542130,17.18,17.92,17.09
2023-12-07,17.22,56455000,17.22,17.48,17.08
2023-12-06,17.13,96110980,17.69,17.83,17.05
2023-12-05,18.3,54460850,18.25,18.55,17.96
2023-12-04,18.4,104948500,19.75,19.9,18.27
2023-12-01,20.27,61493670,19.93,20.29,19.55
2023-11-30,20.05,55500990,19.94,20.23,19.68
2023-11-29,19.84,62782110,19.945,20.31,19.78
2023-11-28,19.71,54170700,19.11,19.8,19.03
2023-11-27,19.08,58808180,19.13,19.5,18.62
2023-11-24,19.2,39800360,19.38,19.6,18.93
2023-11-22,19.69,68452460,20.26,20.44,19.33
2023-11-21,19.8,106643300,21.11,21.85,19.72
2023-11-20,21.34,90575570,20.65,21.6,20.56
2023-11-17,20.49,69668730,19.68,20.58,19.6587
2023-11-16,19.77,49942760,19.8,19.875,19.29
2023-11-15,19.95,75533450,19.9,20.37,19.611
2023-11-14,19.94,83230470,20.0,20.1,19.5
2023-11-13,19.71,74877460,19.59,19.88,19.3
2023-11-10,19.67,92955800,18.155,19.72,18.06
2023-11-09,18.27,48454200,18.66,18.87,18.16
2023-11-08,18.49,46063130,18.85,18.93,18.15
2023-11-07,18.8,56289100,18.86,19.17,18.53
2023-11-06,18.54,79952560,18.99,19.08,17.93
2023-11-03,18.89,109302000,18.02,19.0789,17.76
2023-11-02,17.97,170406800,17.48,18.3,17.2101
2023-11-01,14.92,54419070,14.8,14.96,14.48
2023-10-31,14.8,40195410,14.58,15.01,14.55
2023-10-30,14.69,46886420,15.27,15.29,14.56
2023-10-27,15.07,39913560,15.48,15.6,14.96
2023-10-26,15.29,49351800,15.6,15.91,15.05
2023-10-25,15.59,46706480,16.57,16.63,15.58
2023-10-24,16.64,39833760,16.38,16.93,16.3
2023-10-23,16.2,55967150,15.9,16.34,15.21
2023-10-20,16.11,63875490,16.85,16.94,15.81
2023-10-19,17.06,46303220,17.44,17.5799,16.97
2023-10-18,17.2,44208270,17.81,18.22,17.19
2023-10-17,17.84,54401290,17.0,18.03,16.91
2023-10-16,17.36,44987260,17.21,17.46,16.67
2023-10-13,17.36,54881950,18.06,18.16,17.27
2023-10-12,17.94,57940930,17.92,18.24,17.5508
2023-10-11,17.92,55745630,17.87,18.44,17.73
2023-10-10,17.8,99971500,18.06,18.4,17.62
2023-10-09,17.61,106161200,16.27,17.83,16.22
2023-10-06,16.61,65946320,15.56,16.695,15.51
2023-10-05,15.81,49648070,15.59,15.9,15.41
2023-10-04,15.73,52786240,15.46,15.85,15.16
2023-10-03,14.9,51578130,15.61,15.77,14.82
2023-10-02,15.88,41043910,16.03,16.44,15.77
2023-09-29,16.0,78055080,16.11,16.81,15.96
2023-09-28,15.77,66590820,15.14,15.96,14.825
2023-09-27,14.85,62780570,14.2,14.96,14.16
2023-09-26,13.96,37276210,13.95,14.17,13.88
2023-09-25,14.22,39693890,14.0,14.24,13.82
2023-09-22,14.13,47714540,14.23,14.415,14.03
2023-09-21,14.0,73071800,14.34,14.599,13.68
2023-09-20,14.74,37640490,15.25,15.425,14.7325
2023-09-19,15.15,37804840,15.34,15.519,14.95
2023-09-18,15.46,37404080,15.18,15.63,15.07
2023-09-15,15.33,56271180,15.77,15.9,15.17
2023-09-14,15.83,38572510,15.69,16.04,15.47
2023-09-13,15.6,34354450,15.63,15.8496,15.42
2023-09-12,15.59,39497920,15.46,16.15,15.43
2023-09-11,15.79,55294680,15.41,16.1,15.36
2023-09-08,15.13,34047560,15.12,15.61,15.085
2023-09-07,15.21,51798780,14.88,15.24,14.29
2023-09-06,15.3,38738080,15.17,15.62,15.08
2023-09-05,15.21,33818430,15.08,15.42,14.9
2023-09-01,15.18,45258900,15.16,15.365,14.83
2023-08-31,14.98,101517200,15.6,15.85,14.65
2023-08-30,16.33,65674060,15.46,16.35,15.33
2023-08-29,15.4,47213160,14.6,15.63,14.5
2023-08-28,14.64,35964680,14.69,14.88,14.5
2023-08-25,14.53,55668910,14.14,14.6499,14.01
2023-08-24,14.14,93586210,15.7,15.71,13.875
2023-08-23,15.3,53523340,14.5,15.47,14.42
2023-08-22,14.67,52106870,14.76,15.13,14.63
2023-08-21,14.5,43206160,14.42,14.78,14.34
2023-08-18,14.4,70215160,13.88,14.6,13.68
2023-08-17,14.15,91086680,15.39,15.4373,14.035
2023-08-16,15.45,40394560,15.21,15.725,15.12
2023-08-15,15.37,44000370,15.61,15.87,15.29
2023-08-14,15.72,47511420,15.2,15.74,14.95
2023-08-11,15.41,56616790,15.05,15.58,14.91
2023-08-10,15.41,73129140,15.44,15.87,15.25
2023-08-09,15.25,126230400,16.76,16.92,15.1
2023-08-08,17.04,143014200,17.49,17.49,16.1
2023-08-07,17.99,133808400,18.25,18.39,17.01
2023-08-04,18.2,72386050,18.874,19.08,18.08
2023-08-03,18.71,55168610,18.63,19.3,18.61
2023-08-02,18.97,98215770,19.26,19.62,18.15
2023-08-01,19.99,100126100,19.46,20.2399,19.23
2023-07-31,19.84,142173800,18.82,19.995,18.38
2023-07-28,17.81,106125600,17.21,17.97,16.74
2023-07-27,16.15,50685240,16.8,17.19,16.0
2023-07-26,16.43,35804780,16.4,16.69,16.13
2023-07-25,16.55,36612930,16.35,16.86,16.35
2023-07-24,16.32,36133650,16.61,16.69,16.12
2023-07-21,16.43,63375870,17.47,17.49,16.0
2023-07-20,17.13,62711590,17.54,18.0,16.98
2023-07-19,18.05,89044570,18.02,18.995,17.76
2023-07-18,18.08,87365660,17.88,18.13,17.19
2023-07-17,17.4,63504960,16.42,17.59,16.32
2023-07-14,16.4,45115040,16.76,17.0,16.27
2023-07-13,16.74,58397770,16.7,17.26,16.631
2023-07-12,16.59,50079440,16.78,16.94,16.41
2023-07-11,16.49,63236570,16.47,16.93,16.15
2023-07-10,16.3,62823620,15.37,16.33,14.945
2023-07-07,15.34,48273340,15.23,15.9,15.19
2023-07-06,15.13,57158280,15.32,15.3827,14.62
2023-07-05,15.7,39179850,15.425,15.77,15.23
2023-07-03,15.52,26037430,15.49,15.59,15.19
2023-06-30,15.33,42195260,15.48,15.8,15.23
2023-06-29,15.2,46300900,15.4,15.57,15.06
2023-06-28,15.28,66001040,14.53,15.43,14.465
2023-06-27,14.61,55410530,14.22,14.76,13.96
2023-06-26,13.94,50679920,13.87,14.42,13.83
2023-06-23,14.03,74851020,13.64,14.14,13.56
2023-06-22,14.05,103461000,14.3,14.44,13.86
2023-06-21,14.64,97885030,15.66,15.755,14.37
2023-06-20,15.79,81335010,15.99,16.89,15.58
2023-06-16,16.3,90696220,16.87,16.91,16.01
2023-06-15,16.6,91200890,15.66,16.79,15.49
2023-06-14,15.91,70871920,15.93,16.19,15.44
2023-06-13,16.0,112765900,16.18,16.27,15.1625
2023-06-12,15.65,90250320,15.44,16.03,15.33
2023-06-09,15.02,94126340,15.36,15.98,14.82
2023-06-08,15.19,115591600,14.44,15.59,14.39
2023-06-07,14.69,227244100,16.01,17.16,14.52
2023-06-06,15.46,74284340,15.3,15.58,14.92
2023-06-05,15.24,109017800,14.365,15.7,14.6801
2023-06-02,14.52,79487610,14.65,15.03,14.16
2023-06-01,14.54,126015100,14.46,15.22,14.2
2023-05-31,14.71,130392200,14.19,14.79,13.82
2023-05-30,14.71,159089300,14.44,15.005,14.24
2023-05-26,13.65,127770600,12.84,14.195,12.82
2023-05-25,12.84,106557800,13.18,13.22,12.34
2023-05-24,12.23,90496870,12.05,12.43,11.82
2023-05-23,12.64,148701800,11.95,13.42,11.87
2023-05-22,11.84,76377080,11.62,12.105,11.39
2023-05-19,11.71,150269300,11.97,12.41,11.52
2023-05-18,11.74,171402300,10.46,11.81,10.39
2023-05-17,10.25,63834520,9.54,10.285,9.46
2023-05-16,9.47,42311910,9.4,9.63,9.35
2023-05-15,9.52,53555520,9.21,9.6,9.02
2023-05-12,9.5,62123940,9.86,10.01,9.47
2023-05-11,9.88,73754070,10.14,10.1591,9.71
2023-05-10,9.94,149375000,9.73,10.3,9.46
2023-05-09,9.55,223573300,9.22,9.69,8.655
2023-05-08,7.74,105304000,7.64,7.855,7.59
2023-05-05,7.41,45848840,7.44,7.55,7.32
2023-05-04,7.38,29989340,7.47,7.52,7.28
2023-05-03,7.56,24322420,7.62,7.68,7.45
2023-05-02,7.59,38007950,7.72,7.91,7.43
2023-05-01,7.78,19134160,7.75,7.82,7.66
2023-04-28,7.75,24915470,7.77,8.0,7.62
2023-04-27,7.82,21385460,7.83,7.91,7.72
2023-04-26,7.74,21396730,7.87,7.91,7.65
2023-04-25,7.74,21849090,8.0,8.02,7.73
2023-04-24,8.1,20439280,8.16,8.25,7.94
2023-04-21,8.18,14896710,8.14,8.22,8.09
2023-04-20,8.15,23573040,8.29,8.5,8.13
2023-04-19,8.49,18193670,8.58,8.6575,8.48
2023-04-18,8.73,21185250,8.93,9.02,8.72
2023-04-17,8.8,26047510,8.81,9.04,8.78
2023-04-14,8.81,42364530,8.53,8.91,8.47
2023-04-13,8.58,27983250,8.5,8.7,8.43
2023-04-12,8.33,28771280,8.75,8.775,8.3
2023-04-11,8.61,35617850,8.35,8.79,8.34
2023-04-10,8.39,29184730,8.0,8.44,7.9
2023-04-06,8.09,23488560,7.88,8.14,7.79
2023-04-05,7.98,54946870,8.63,8.65,7.84
2023-04-04,8.35,23961230,8.53,8.54,8.23
2023-04-03,8.38,22511970,8.37,8.53,8.21
2023-03-31,8.45,26174840,8.15,8.48,8.08
2023-03-30,8.15,21001640,8.33,8.38,8.05
2023-03-29,8.22,15339670,8.09,8.25,8.0512
2023-03-28,8.0,14860490,8.06,8.12,7.97
2023-03-27,8.04,20666810,8.15,8.32,7.94
2023-03-24,8.2,17939820,8.29,8.35,8.06
2023-03-23,8.33,22662240,8.32,8.56,8.16
2023-03-22,8.21,34150970,8.44,8.62,8.2
2023-03-21,8.45,27104480,8.2,8.51,8.17
2023-03-20,8.08,25497390,7.765,8.095,7.72
2023-03-17,7.88,20920770,7.93,8.03,7.84
2023-03-16,7.98,20504460,8.01,8.0799,7.86
2023-03-15,7.9,28217380,7.81,7.99,7.7
2023-03-14,7.89,33460110,8.05,8.14,7.78
2023-03-13,7.87,63183530,7.29,8.15,7.19
2023-03-10,7.35,41953580,7.59,7.68,7.28
2023-03-09,7.69,29005920,8.07,8.26,7.68
2023-03-08,8.13,38723630,8.36,8.58,8.06
2023-03-07,8.28,26819620,8.275,8.425,8.19
2023-03-06,8.28,28316230,8.34,8.45,8.2
2023-03-03,8.33,43229100,8.0,8.5,8.0
2023-03-02,7.97,36805930,7.59,8.03,7.56
2023-03-01,7.69,27939110,7.83,7.91,7.69
2023-02-28,7.84,32937010,7.96,8.0973,7.8
2023-02-27,8.03,35270010,8.12,8.2299,7.96
2023-02-24,8.09,41518560,7.94,8.2,7.87
2023-02-23,8.17,60015540,8.42,8.48,7.91
2023-02-22,8.36,55346000,8.48,8.625,8.16
2023-02-21,8.47,65226610,9.01,9.1,8.4
2023-02-17,9.2,62137800,9.57,9.71,9.085
2023-02-16,9.71,88638840,9.65,10.31,9.6
2023-02-15,10.11,153514500,9.16,10.23,9.11
2023-02-14,9.22,216055200,8.59,9.295,8.23
2023-02-13,7.61,87397070,7.58,7.775,7.45
2023-02-10,7.51,43042400,7.79,7.86,7.46
2023-02-09,7.95,33366660,8.34,8.43,7.94
2023-02-08,8.22,35105480,8.25,8.57,8.17
2023-02-07,8.33,42201790,8.33,8.41,8.06
2023-02-06,8.31,38845470,8.31,8.535,8.24
2023-02-03,8.41,64785460,8.54,8.9,8.3732
2023-02-02,8.99,71889710,8.51,9.21,8.47
2023-02-01,8.2,50123740,7.73,8.22,7.6803
2023-01-31,7.78,40984040,7.41,7.82,7.38
2023-01-30,7.37,28567800,7.5,7.61,7.36
2023-01-27,7.55,37555170,7.19,7.73,7.14
2023-01-26,7.24,28005620,7.37,7.45,7.04
2023-01-25,7.22,37147940,6.92,7.27,6.69
2023-01-24,7.02,22649460,8.76,8.76,5.84
2023-01-23,7.38,31633290,7.03,7.41,6.991
2023-01-20,7.02,28751730,6.76,7.06,6.72
2023-01-19,6.73,24841660,6.8,6.895,6.67
2023-01-18,6.9,32743430,7.155,7.3,6.88
2023-01-17,7.07,30910340,6.99,7.15,6.73
2023-01-13,6.96,20981000,6.84,7.01,6.81
2023-01-12,7.01,30152470,7.01,7.05,6.78
2023-01-11,6.98,25936690,6.84,6.99,6.76
2023-01-10,6.7,28236580,6.5,6.72,6.49
2023-01-09,6.5,31028880,6.49,6.67,6.4
2023-01-06,6.4,30596400,6.4,6.4499,6.09
2023-01-05,6.32,34185990,6.45,6.49,6.25
2023-01-04,6.58,31660510,6.48,6.675,6.37
2023-01-03,6.39,29969950,6.58,6.64,6.275
2022-12-30,6.42,27830900,6.19,6.42,6.19
2022-12-29,6.4,42694170,6.1,6.525,6.1
2022-12-28,6.07,30096790,5.98,6.17,5.95
2022-12-27,6.0,34573340,6.15,6.22,5.92
2022-12-23,6.29,20418980,6.27,6.3,6.07
2022-12-22,6.32,28065980,6.37,6.38,6.18
2022-12-21,6.5,34408620,6.24,6.52,6.04
2022-12-20,6.31,30215580,6.29,6.54,6.2
2022-12-19,6.35,41511620,6.8,6.83,6.32
2022-12-16,6.9,32655550,7.02,7.08,6.76
2022-12-15,7.01,25417150,7.17,7.298,7.01
2022-12-14,7.35,22653790,7.5,7.6,7.265
2022-12-13,7.5,41033830,7.73,7.97,7.49
2022-12-12,7.29,22672400,7.11,7.31,7.09
2022-12-09,7.11,23367310,7.06,7.19,7.03
2022-12-08,7.12,23107690,7.1,7.27,6.94
2022-12-07,7.07,28351610,7.08,7.35,7.02
2022-12-06,6.99,32868070,7.19,7.195,6.88
2022-12-05,7.19,32158150,7.62,7.695,7.105
2022-12-02,7.66,18794030,7.615,7.76,7.5
2022-12-01,7.86,34424380,7.51,7.88,7.47
2022-11-30,7.5,32745740,7.14,7.51,7.0325
2022-11-29,7.08,22150770,7.2,7.3,7.05
2022-11-28,7.16,19467050,7.23,7.4,7.15
2022-11-25,7.28,10824420,7.32,7.3394,7.19
2022-11-23,7.37,24182860,7.25,7.42,7.12
2022-11-22,7.22,27327800,7.18,7.25,6.98
2022-11-21,7.19,36605640,7.31,7.32,7.07
2022-11-18,7.39,27245240,7.76,7.79,7.31
2022-11-17,7.62,33746450,7.83,7.88,7.525
2022-11-16,8.06,28436000,8.18,8.24,8.0
2022-11-15,8.34,34454140,8.45,8.47,8.155
2022-11-14,8.1,37313250,8.18,8.32,7.953
2022-11-11,8.41,55324140,7.48,8.42,7.375
2022-11-10,7.64,58579780,7.46,7.97,7.43
2022-11-09,6.98,42517300,7.12,7.185,6.95
2022-11-08,7.21,56353930,7.08,7.42,6.91
2022-11-07,7.02,99332840,7.78,7.85,6.89
2022-11-04,7.93,64338930,8.19,8.2,7.65
2022-11-03,8.08,36419550,8.07,8.3,7.87
2022-11-02,8.22,36042600,8.7,8.76,8.2
2022-11-01,8.65,29799980,8.99,9.06,8.56
2022-10-31,8.79,31376110,8.59,8.83,8.43
2022-10-28,8.64,20697360,8.55,8.66,8.365
2022-10-27,8.6,28940840,8.68,8.78,8.46
2022-10-26,8.57,33606930,8.48,9.05,8.39
2022-10-25,8.66,31001500,8.36,8.66,8.36
2022-10-24,8.27,28062250,8.3,8.3,8.01
2022-10-21,8.29,30705740,7.93,8.32,7.81
2022-10-20,8.04,26689510,7.73,8.26,7.73
2022-10-19,7.91,26593980,8.06,8.125,7.845
2022-10-18,8.16,37120360,8.15,8.33,8.04
2022-10-17,7.94,31751690,7.71,8.06,7.69
2022-10-14,7.53,37484780,8.23,8.31,7.53
2022-10-13,8.08,36040850,7.74,8.2,7.565
2022-10-12,8.07,30201560,8.06,8.1,7.82
2022-10-11,8.04,40775760,7.99,8.295,7.7
2022-10-10,8.06,26923340,8.17,8.18,7.88
2022-10-07,8.15,29550480,8.26,8.28,8.11
2022-10-06,8.47,27653440,8.4,8.6,8.315
2022-10-05,8.42,37790220,8.26,8.485,8.075
2022-10-04,8.46,36313340,8.48,8.61,8.34
2022-10-03,8.24,35523980,8.145,8.3,7.97
2022-09-30,8.13,47454790,8.01,8.5,7.9709
2022-09-29,8.08,57908660,8.05,8.33,7.78
2022-09-28,7.94,31955950,7.63,8.0,7.62
2022-09-27,7.63,31794680,7.69,7.835,7.46
2022-09-26,7.53,45429790,7.35,7.83,7.35
2022-09-23,7.4,34197320,7.2,7.42,7.13
2022-09-22,7.37,49138290,7.74,7.74,7.24
2022-09-21,7.69,36814510,7.72,8.07,7.655
2022-09-20,7.62,30349630,7.78,7.915,7.6
2022-09-19,7.86,29238770,7.64,7.86,7.58
2022-09-16,7.78,42155540,7.75,7.93,7.64
2022-09-15,8.01,51700630,7.47,8.1,7.45
2022-09-14,7.63,29422540,7.45,7.63,7.33
2022-09-13,7.48,29770660,7.63,7.66,7.45
2022-09-12,8.01,30544820,7.86,8.03,7.82
2022-09-09,7.79,27860610,7.68,7.82,7.64
2022-09-08,7.53,26303600,7.33,7.53,7.27
2022-09-07,7.39,30329960,7.27,7.43,7.18
2022-09-06,7.28,30429420,7.45,7.46,7.17
2022-09-02,7.4,25965040,7.67,7.67,7.35
2022-09-01,7.49,39079700,7.61,7.62,7.22
2022-08-31,7.72,28691530,7.95,8.0,7.7
2022-08-30,7.79,27189200,7.93,7.975,7.68
2022-08-29,7.81,28566220,7.82,7.9983,7.76
2022-08-26,7.94,34150360,8.42,8.43,7.93
2022-08-25,8.42,25635570,8.22,8.43,8.05
2022-08-24,8.1,26576410,8.04,8.36,7.98
2022-08-23,8.01,25658540,8.1,8.28,8.0
2022-08-22,8.07,37824870,8.32,8.4,8.06
2022-08-19,8.51,40560190,9.0,9.01,8.48
2022-08-18,9.15,26365590,9.42,9.47,9.12
2022-08-17,9.43,33933630,9.56,9.6188,9.33
2022-08-16,9.74,40681240,9.85,9.88,9.36
2022-08-15,9.91,33263350,9.82,10.1,9.76
2022-08-12,9.91,30638190,9.55,9.97,9.42
2022-08-11,9.42,44790860,9.76,10.05,9.4
2022-08-10,9.59,46054910,9.51,9.66,9.32
2022-08-09,9.25,58788930,9.54,9.57,9.01
2022-08-08,9.82,125272600,9.77,10.4,9.71
2022-08-05,11.45,50264850,11.01,11.62,10.85
2022-08-04,11.32,32093380,11.19,11.41,11.03
2022-08-03,11.2,35796470,11.08,11.34,11.04
2022-08-02,10.92,40958810,10.32,11.23,10.26
2022-08-01,10.47,31694730,10.25,10.7,10.1216
2022-07-29,10.35,31106610,10.01,10.35,9.92
2022-07-28,10.13,27172850,10.03,10.2,9.74
2022-07-27,10.02,29810930,9.67,10.03,9.5
2022-07-26,9.4,21997820,9.66,9.66,9.38
2022-07-25,9.68,21484980,9.83,9.85,9.52
2022-07-22,9.84,38915500,10.35,10.57,9.73
2022-07-21,10.49,51691190,10.37,10.76,10.22
2022-07-20,10.11,40845160,9.44,10.2,9.44
2022-07-19,9.34,29033770,9.15,9.37,8.89
2022-07-18,9.03,32428360,9.25,9.45,9.005
2022-07-15,9.04,34918130,9.01,9.12,8.65
2022-07-14,8.9,26702070,9.23,9.28,8.85
2022-07-13,9.28,32461300,9.22,9.55,9.05
2022-07-12,9.49,42765810,9.66,9.9599,9.27
2022-07-11,9.56,34049500,9.98,9.9938,9.53
2022-07-08,10.17,36737070,9.92,10.38,9.83
2022-07-07,10.18,35672510,9.76,10.28,9.75
2022-07-06,9.8,54604340,10.01,10.31,9.74
2022-07-05,10.07,55913040,9.14,10.1,9.0
2022-07-01,9.27,33504390,9.11,9.43,9.0305
2022-06-30,9.07,33636400,9.02,9.19,8.72
2022-06-29,9.23,40408660,9.35,9.42,9.07
2022-06-28,9.31,45683160,9.57,9.88,9.19
2022-06-27,9.62,44767950,10.15,10.16,9.51
2022-06-24,10.19,67826050,9.53,10.2,9.48
2022-06-23,9.46,44618050,9.02,9.5,8.84
2022-06-22,9.01,43486260,8.52,9.285,8.45
2022-06-21,8.71,48887630,8.59,9.05,8.56
2022-06-17,8.24,45517990,7.7,8.33,7.69
2022-06-16,7.67,36793540,7.84,7.985,7.58
2022-06-15,8.12,38235300,7.92,8.3,7.815
2022-06-14,7.82,30564140,7.735,7.98,7.585
2022-06-13,7.64,40942970,7.99,8.0,7.5
2022-06-10,8.26,30293240,8.48,8.58,8.14
2022-06-09,8.68,30588230,9.13,9.16,8.67
2022-06-08,9.18,29056310,9.18,9.42,9.09
2022-06-07,9.13,28049430,8.89,9.14,8.73
2022-06-06,8.98,35101110,9.11,9.21,8.78
2022-06-03,8.94,36632340,9.04,9.25,8.86
2022-06-02,9.3,41479910,8.54,9.39,8.4606
2022-06-01,8.46,34438070,8.72,8.9785,8.38
2022-05-31,8.68,41672270,8.97,9.1,8.56
2022-05-27,8.85,37063990,8.5,8.85,8.4336
2022-05-26,8.36,39738920,7.84,8.4,7.77
2022-05-25,7.96,35068950,7.52,8.0183,7.51
2022-05-24,7.55,47218650,7.98,7.99,7.37
2022-05-23,8.01,27755180,8.01,8.17,7.8
2022-05-20,8.08,40879110,8.26,8.4,7.71
2022-05-19,8.31,35780870,7.97,8.5814,7.945
2022-05-18,8.01,29304570,8.21,8.43,7.92
2022-05-17,8.36,38620820,8.1,8.46,8.01
2022-05-16,8.04,46153160,8.17,8.43,8.01
2022-05-13,8.34,69242700,7.52,8.35,7.52
2022-05-12,7.34,82147340,6.55,7.38,6.44
2022-05-11,6.71,72894880,7.28,7.54,6.66
2022-05-10,7.29,86932390,7.56,7.7032,6.93
2022-05-09,7.46,170871700,7.78,7.85,7.32
2022-05-06,9.48,69691300,10.0,10.05,9.42
2022-05-05,10.12,40523640,10.8,10.8,9.98
2022-05-04,10.98,43239870,10.53,11.01,10.08
2022-05-03,10.55,31372680,10.69,10.98,10.44
2022-05-02,10.74,41193850,10.38,10.755,10.18
2022-04-29,10.4,30937500,10.9,11.23,10.36
2022-04-28,10.95,40074510,10.69,11.045,10.37
2022-04-27,10.56,54508480,11.01,11.195,10.53
2022-04-26,11.12,38666480,11.94,12.05,11.1
2022-04-25,12.11,31727570,11.83,12.16,11.68
2022-04-22,11.96,30386140,12.33,12.73,11.86
2022-04-21,12.33,32008950,13.02,13.33,12.225
2022-04-20,12.79,31528610,13.08,13.17,12.74
2022-04-19,12.91,31753900,12.08,13.02,12.07
2022-04-18,12.15,25395600,12.35,12.415,11.88
2022-04-14,12.42,23284120,12.92,12.92,12.41
2022-04-13,12.9,21152880,12.35,12.94,12.2311
2022-04-12,12.46,26226530,12.88,13.2,12.425
2022-04-11,12.66,26095830,12.45,12.82,12.13
2022-04-08,12.7,24962500,12.7,13.05,12.57
2022-04-07,12.84,34727410,12.95,13.34,12.48
2022-04-06,13.0,40647690,13.52,13.54,12.85
2022-04-05,13.89,37677310,14.61,14.86,13.795
2022-04-04,14.63,40124780,14.03,14.66,14.02
2022-04-01,13.83,23831610,13.77,14.065,13.5
2022-03-31,13.73,22839960,13.9,14.06,13.63
2022-03-30,13.88,32163990,14.04,14.36,13.74
2022-03-29,14.2,46433720,13.65,14.28,13.35
2022-03-28,13.42,27151980,13.01,13.44,12.855
2022-03-25,12.97,24796930,13.36,13.395,12.71
2022-03-24,13.39,29535260,13.25,13.42,12.83
2022-03-23,13.18,33699350,13.16,13.55,13.02
2022-03-22,13.27,46210660,12.52,13.48,12.52
2022-03-21,12.59,39410850,12.72,13.05,12.42
2022-03-18,12.82,59125470,12.28,13.02,12.215
2022-03-17,12.32,43948860,11.72,12.37,11.66
2022-03-16,11.79,62746610,10.95,11.82,10.9399
2022-03-15,10.77,40451180,10.47,10.85,10.27
2022-03-14,10.5,49762550,11.17,11.41,10.41
2022-03-11,11.39,37817370,11.86,12.005,11.37
2022-03-10,11.87,52295390,11.38,11.97,11.32
2022-03-09,11.65,43591370,11.41,12.02,11.27
2022-03-08,11.04,49279560,10.93,11.39,10.719
2022-03-07,11.11,63070580,11.43,11.75,11.1
2022-03-04,10.96,43631140,11.7,11.77,10.74
2022-03-03,11.34,46171970,12.01,12.055,11.235
2022-03-02,12.06,56698280,12.21,12.21,11.42
2022-03-01,12.18,64867170,11.99,12.52,11.71
2022-02-28,11.85,75390480,11.96,12.18,11.39
2022-02-25,11.47,75433710,11.59,11.89,11.0
2022-02-24,11.83,118793000,9.75,11.87,9.74
2022-02-23,10.43,93964470,10.83,11.26,10.4
2022-02-22,10.48,104501500,10.7,11.185,10.3
2022-02-18,11.02,137808100,11.92,12.01,10.57
2022-02-17,11.77,151385400,12.39,12.7,11.7
2022-02-16,13.97,58624450,13.91,14.26,13.66
2022-02-15,14.17,48523680,13.52,14.185,13.41
2022-02-14,13.26,40617850,13.1,13.795,12.98
2022-02-11,13.13,41831570,13.45,13.92,12.97
2022-02-10,13.56,41998240,13.5,14.165,13.37
2022-02-09,13.87,34451920,13.29,13.89,13.26
2022-02-08,13.15,30317110,12.75,13.1885,12.62
2022-02-07,12.98,45646070,13.025,13.6,12.94
2022-02-04,12.94,38989150,12.47,13.09,12.265
2022-02-03,12.45,47236950,12.95,13.32,12.42
2022-02-02,13.32,47204310,14.09,14.2,13.19
2022-02-01,14.2,69012950,14.23,14.37,13.56
2022-01-31,13.71,51039250,12.77,13.74,12.76
2022-01-28,12.71,54887540,12.3,12.88,11.89
2022-01-27,12.28,52622860,13.01,13.06,12.2
2022-01-26,12.75,69949710,13.6,13.82,12.68
2022-01-25,13.06,47456620,13.12,13.6,12.83
2022-01-24,13.4,110640200,12.79,13.41,11.75
2022-01-21,13.53,73031310,14.25,14.478,13.5
2022-01-20,14.62,44690390,14.89,15.5499,14.57
2022-01-19,14.56,48049080,14.9,15.25,14.54
2022-01-18,14.97,49275070,15.45,15.75,14.9201
2022-01-14,16.01,35624910,15.94,16.2485,15.62
2022-01-13,16.01,35492190,16.8,16.82,15.94
2022-01-12,16.72,39784190,17.16,17.46,16.4
2022-01-11,16.89,47442590,16.4,17.25,16.32
2022-01-10,16.5,77649430,16.19,16.57,15.35
2022-01-07,16.56,37989270,16.7,17.33,16.475
2022-01-06,16.74,49737070,16.87,17.18,16.055
2022-01-05,16.96,58445910,18.03,18.5678,16.87
2022-01-04,18.17,39643170,18.61,18.84,17.79
2022-01-03,18.53,34386630,18.36,18.5687,17.86
2021-12-31,18.21,23556000,18.61,18.92,18.21
2021-12-30,18.69,29285190,18.1,18.995,18.07
2021-12-29,18.17,28217550,18.53,18.6,17.91
2021-12-28,18.57,20518850,18.89,19.0701,18.44
2021-12-27,18.94,21782030,18.78,19.25,18.78
2021-12-23,18.93,24758310,18.85,19.135,18.72
2021-12-22,18.88,33894180,18.65,19.45,18.65
2021-12-21,18.9,33878600,18.16,18.98,18.1
2021-12-20,17.96,42265900,18.59,18.67,17.835
2021-12-17,19.06,44495180,18.03,19.1,17.81
2021-12-16,18.34,33949970,18.96,19.12,18.15
2021-12-15,18.86,39361880,18.37,18.94,17.995
2021-12-14,18.64,38864750,18.0,18.859,17.91
2021-12-13,18.4,38376020,18.8,19.075,18.17
2021-12-10,18.94,27594490,19.28,19.58,18.7
2021-12-09,19.21,30354670,19.95,20.15,19.04
2021-12-08,19.82,28425940,19.51,19.825,19.03
2021-12-07,19.46,35128990,19.26,19.855,19.07
2021-12-06,18.8,56459760,18.54,18.97,18.075
2021-12-03,18.98,56039600,19.5,19.53,18.4
2021-12-02,19.69,45802940,19.3,19.91,19.06
2021-12-01,19.38,48488720,20.53,20.89,19.29
2021-11-30,20.65,38196420,20.95,21.25,20.11
2021-11-29,21.07,29113990,21.19,21.4,20.56
2021-11-26,21.03,20691210,20.41,21.09,20.3485
2021-11-24,21.11,35233900,20.35,21.2,20.06
2021-11-23,20.59,44587970,20.59,21.05,20.05
2021-11-22,20.65,59899110,21.53,21.57,20.18
2021-11-19,21.41,30013130,21.6,21.96,21.3
2021-11-18,21.5,51039940,22.5,22.55,21.342
2021-11-17,22.49,27994120,23.05,23.2189,22.4
2021-11-16,23.13,31574790,23.29,23.29,22.61
2021-11-15,23.41,33225730,23.0,23.52,22.95
2021-11-12,22.83,53516200,23.02,23.225,22.38
2021-11-11,22.99,43381490,23.04,23.1299,22.665
2021-11-10,22.52,94860150,23.6,23.64,22.12
2021-11-09,24.25,117540200,25.9,25.98,23.95
2021-11-08,26.75,41359560,26.25,27.11,26.12
2021-11-05,26.0,26004970,26.45,26.63,25.72
2021-11-04,26.47,25029660,26.26,26.57,25.87
2021-11-03,26.12,25244190,25.89,26.235,25.17
2021-11-02,25.92,30794630,26.56,26.72,25.555
2021-11-01,26.56,26684710,26.11,26.645,25.8828
2021-10-29,25.88,21910310,25.5,26.12,25.45
2021-10-28,25.64,21203030,25.3,25.795,25.12
2021-10-27,25.06,24157200,25.64,25.9,25.02
2021-10-26,25.52,56767030,25.99,26.75,25.25
2021-10-25,25.41,33962070,24.5,25.54,24.48
2021-10-22,24.43,20166830,24.49,24.85,24.25
2021-10-21,24.78,23976570,24.13,24.93,24.08
2021-10-20,24.22,24248050,24.79,24.96,24.17
2021-10-19,24.69,29393870,24.5,25.2,24.36
2021-10-18,24.26,25609890,24.0,24.39,23.92
2021-10-15,24.0,24366140,24.5,24.52,23.83
2021-10-14,24.35,26106710,24.43,24.71,24.205
2021-10-13,24.13,28494030,23.83,24.31,23.79
2021-10-12,23.69,26280040,23.55,23.81,23.29
2021-10-11,23.53,23971680,23.26,23.98,23.26
2021-10-08,23.5,39713420,23.86,24.0955,23.11
2021-10-07,23.73,38873700,23.71,24.13,23.54
2021-10-06,23.58,125175700,24.91,25.01,23.35
2021-10-05,23.21,56574820,23.21,23.88,23.07
2021-10-04,23.17,46789720,24.01,24.05,23.02
2021-10-01,24.33,32777970,24.21,24.36,23.72
2021-09-30,24.04,59505590,24.69,25.05,23.88
2021-09-29,24.52,46164520,25.61,25.7,24.42
2021-09-28,25.34,64206200,27.02,27.13,25.21
2021-09-27,27.47,44102850,28.23,28.38,27.23
2021-09-24,28.56,40309740,28.27,28.76,27.9014
2021-09-23,28.77,60028600,27.71,29.19,27.67
2021-09-22,27.43,44308150,26.61,27.77,26.5822
2021-09-21,26.62,50933600,26.89,27.149,26.08
2021-09-20,26.55,89413470,27.57,28.0999,26.06
2021-09-17,28.71,182214600,28.66,29.29,28.07
2021-09-16,28.63,109992000,27.2,28.79,27.02
2021-09-15,27.08,49555490,26.3,27.15,26.03
2021-09-14,26.26,34568980,25.97,26.7,25.9
2021-09-13,25.83,42372270,26.15,26.239,25.03
2021-09-10,26.28,37307790,26.18,26.73,26.17
2021-09-09,26.13,34190810,25.39,26.24,25.29
2021-09-08,25.58,54394360,26.6,26.61,24.96
2021-09-07,26.7,35835090,26.79,26.88,26.2701
2021-09-03,26.64,26652610,26.49,26.75,26.22
2021-09-02,26.51,38507380,26.21,26.87,26.09
2021-09-01,26.2,34417230,26.46,26.51,26.03
2021-08-31,26.34,93168650,25.79,26.36,25.66
2021-08-30,25.76,44139330,25.74,26.6,25.62
2021-08-27,25.71,52268500,25.05,26.09,24.91
2021-08-26,24.87,46179420,24.4,25.41,24.36
2021-08-25,24.35,54678450,25.12,25.19,24.07
2021-08-24,25.1,37227370,25.0,25.35,24.76
2021-08-23,24.82,35705260,24.02,24.93,23.9
2021-08-20,24.01,52062310,24.22,24.48,23.66
2021-08-19,24.16,67605650,25.01,25.64,24.14
2021-08-18,25.28,92065610,24.07,25.94,23.68
2021-08-17,23.97,35348320,23.9,24.59,23.74
2021-08-16,24.5,46189790,24.9,24.9,23.77
2021-08-13,24.9,52395090,25.0,25.1,24.31
2021-08-12,24.89,189542200,24.45,25.76,23.585
2021-08-11,22.35,34678970,23.07,23.19,22.09
2021-08-10,22.92,25947920,23.01,23.52,22.78
2021-08-09,22.93,35611060,21.85,23.28,21.8
2021-08-06,21.82,24200670,22.64,22.69,21.79
2021-08-05,22.52,18575250,22.22,22.77,22.02
2021-08-04,22.3,15537430,22.2,22.54,22.07
2021-08-03,22.24,17040070,22.03,22.27,21.71
2021-08-02,22.1,21372880,21.91,22.37,21.48
2021-07-30,21.71,15889150,21.85,22.406,21.71
2021-07-29,22.18,19219080,22.78,22.85,22.14
2021-07-28,22.56,25073560,21.75,22.615,21.69
2021-07-27,21.68,23078730,21.96,22.11,21.09
2021-07-26,22.13,16267890,21.8,22.3,21.48
2021-07-23,21.81,17653320,22.01,22.08,21.51
2021-07-22,22.07,17468880,22.55,22.67,21.88
2021-07-21,22.52,20437270,22.27,22.68,22.12
2021-07-20,22.18,22954030,21.63,22.35,21.22
2021-07-19,21.54,30314390,20.97,21.69,20.55
2021-07-16,21.37,19503110,21.6,21.71,21.24
2021-07-15,21.47,31870960,21.72,22.055,21.01
2021-07-14,21.56,33796190,22.49,22.62,21.51
2021-07-13,22.45,24748840,22.98,22.99,22.42
2021-07-12,22.95,23457170,23.26,23.495,22.88
2021-07-09,23.29,22492370,22.96,23.39,22.76
2021-07-08,23.08,34612560,22.43,23.21,22.25
2021-07-07,22.89,66937310,24.23,24.26,22.72
2021-07-06,24.68,28764530,24.6,25.2,24.47
2021-07-02,24.44,29529100,25.0,25.34,24.33
2021-07-01,24.72,55571520,26.1,26.13,24.59
2021-06-30,26.36,28957140,26.48,26.92,26.21
2021-06-29,26.63,38478920,27.38,27.44,26.44
2021-06-28,27.38,42184610,26.98,27.5,26.86
2021-06-25,26.78,140832700,26.58,27.01,26.245
2021-06-24,26.53,48419360,26.49,26.71,26.17
2021-06-23,26.27,53362160,25.46,26.35,25.34
2021-06-22,25.4,46171050,25.39,25.52,24.96
2021-06-21,25.42,54805000,25.1,25.55,24.51
2021-06-18,25.37,65852610,25.59,25.94,25.02
2021-06-17,25.45,64408370,24.68,25.46,24.55
2021-06-16,24.8,58452610,24.09,24.94,23.86
2021-06-15,24.41,46693200,25.03,25.55,24.39
2021-06-14,25.0,51801480,24.73,25.15,24.47
2021-06-11,24.67,33113060,24.12,24.71,24.03
2021-06-10,24.14,35482900,24.0,24.39,23.44
2021-06-09,24.17,36006240,24.45,24.74,24.17
2021-06-08,24.38,53488560,24.85,25.23,23.93
2021-06-07,24.46,49641040,24.0,24.76,23.79
2021-06-04,24.03,42537600,23.71,24.49,23.5
2021-06-03,23.63,48164190,24.14,24.26,23.34
2021-06-02,24.45,86473160,23.02,24.84,22.82
2021-06-01,23.06,52695510,23.19,23.3499,22.36
2021-05-28,22.95,111846000,23.0,24.75,22.76
2021-05-27,22.7,76230460,22.01,22.7,21.65
2021-05-26,22.12,42958300,21.58,22.24,21.49
2021-05-25,21.48,49890800,21.42,22.11,21.28
2021-05-24,21.22,46596780,21.06,21.52,20.675
2021-05-21,20.75,35372920,20.84,21.16,20.47
2021-05-20,20.61,46302390,20.75,20.81,20.28
2021-05-19,20.67,45314040,20.1,21.035,19.94
2021-05-18,21.24,59672370,20.52,21.62,20.26
2021-05-17,20.46,49855360,19.73,20.49,19.63
2021-05-14,20.08,79409510,18.82,20.2,18.53
2021-05-13,18.37,87811610,19.14,19.47,17.82
2021-05-12,18.89,128281500,20.0,20.0,18.51
2021-05-11,20.21,203230500,17.2,20.3,17.055
2021-05-10,18.47,104670500,19.28,19.3,18.18
2021-05-07,19.75,63725500,20.3,20.75,19.58
2021-05-06,20.09,92201100,21.02,21.02,19.41
2021-05-05,21.15,24303630,21.81,21.94,20.97
2021-05-04,21.64,63429550,21.94,22.2,20.87
2021-05-03,22.3,33934420,23.01,23.08,22.21
2021-04-30,23.04,24717300,23.18,23.55,22.84
2021-04-29,23.37,36770150,23.87,24.14,22.81
2021-04-28,23.85,22068110,23.67,24.17,23.42
2021-04-27,23.88,27678340,24.17,24.26,23.57
2021-04-26,24.11,33667580,23.69,24.26,23.46
2021-04-23,23.41,32169530,22.89,23.55,22.74
2021-04-22,22.86,51346370,22.94,23.51,22.51
2021-04-21,22.63,42641400,21.65,22.64,21.43
2021-04-20,21.78,47123090,21.96,22.55,21.24
2021-04-19,21.94,45753870,22.15,22.33,21.53
2021-04-16,22.47,46627690,22.86,23.26,22.3
2021-04-15,23.15,58849350,24.01,24.06,22.69
2021-04-14,23.7,108793800,25.35,26.2,23.65
2021-04-13,25.42,83913490,23.19,25.6585,23.12
2021-04-12,23.34,68620840,24.52,24.55,22.73
2021-04-09,24.04,54082680,23.46,24.35,23.37
2021-04-08,23.41,35905540,23.2,23.6,22.74
2021-04-07,22.9,32766190,23.0,23.55,22.81
2021-04-06,23.27,41933450,23.55,23.61,22.83
2021-04-05,23.44,65374260,23.78,24.45,23.3401
2021-04-01,23.07,51788760,23.95,23.95,22.73
2021-03-31,23.29,61458500,22.5,23.85,22.38
2021-03-30,22.04,52039740,21.36,22.09,20.86
2021-03-29,21.73,57647370,22.48,22.5,21.39
2021-03-26,22.58,57916430,22.63,23.05,21.76
2021-03-25,22.58,74592580,21.2,22.8,21.05
2021-03-24,21.88,69271890,23.3,23.485,21.75
2021-03-23,23.26,50169700,24.0,24.105,23.1
2021-03-22,24.22,46208150,24.89,24.92,23.86
2021-03-19,24.32,57915870,24.01,24.57,23.39
2021-03-18,23.98,57523320,24.73,25.18,23.78
2021-03-17,25.21,77081740,24.52,25.73,24.3
2021-03-16,25.61,73615140,26.75,27.1,25.23
2021-03-15,26.79,56548960,27.35,27.47,26.31
2021-03-12,26.92,58721860,25.74,26.92,25.18
2021-03-11,26.73,84788710,25.95,26.84,25.58
2021-03-10,24.75,103212800,25.03,26.24,24.27
2021-03-09,24.26,99586460,23.38,24.74,23.1
2021-03-08,22.52,94432810,23.77,24.58,22.4
2021-03-05,23.95,173468600,24.36,24.68,20.18
2021-03-04,24.73,161611200,24.85,25.56,23.05
2021-03-03,23.59,79046240,24.99,25.1678,23.43
2021-03-02,24.48,73996950,25.0,25.59,24.26
2021-03-01,24.81,85059880,25.19,25.9,24.62
2021-02-26,23.9,119588600,24.2,24.5,22.7
2021-02-25,23.96,161776400,25.82,26.44,23.15
2021-02-24,26.39,90095690,26.71,27.23,25.75
2021-02-23,26.75,145289400,25.96,27.46,23.9
2021-02-22,28.0,183049500,29.96,30.19,27.536
2021-02-19,29.0,320063700,27.02,29.96,26.9
2021-02-18,25.17,313175100,24.99,26.31,24.5
2021-02-17,27.08,151007000,27.99,29.73,27.0
2021-02-16,27.84,180294300,30.02,30.44,27.3
2021-02-12,31.91,60925590,33.36,33.65,31.34
2021-02-11,33.11,52094880,35.79,35.98,32.61
2021-02-10,35.7,45177250,38.15,38.24,35.0
2021-02-09,38.17,44243210,36.9,38.255,36.13
2021-02-08,36.05,72610620,37.22,39.22,35.89
2021-02-05,34.05,62375280,32.61,35.2,31.75
2021-02-04,32.05,31657210,32.58,33.18,31.05
2021-02-03,31.76,35312000,32.39,32.95,31.38
2021-02-02,31.02,69647950,34.1,34.2,30.5
2021-02-01,33.96,43460900,35.33,35.6199,32.58
2021-01-29,35.18,42030920,36.61,38.01,34.66
2021-01-28,35.66,85250680,39.54,42.0,33.1
2021-01-27,39.0,170758800,32.97,45.0,32.25
2021-01-26,35.37,65869980,35.14,36.87,34.32
2021-01-25,36.23,191345300,34.46,39.58,29.56
2021-01-22,32.58,156844700,25.85,32.65,25.82
2021-01-21,25.98,29891350,26.42,26.68,25.3
2021-01-20,26.34,37459020,27.29,27.3,25.7
2021-01-19,26.62,48675850,26.81,27.54,26.0
2021-01-15,25.64,92285510,26.26,28.0,25.46
2021-01-14,24.92,32908000,25.45,25.62,24.37
2021-01-13,25.5,51216560,25.71,27.4298,25.13
2021-01-12,26.18,26994960,26.34,26.42,25.51
2021-01-11,25.93,32608980,24.61,26.6,24.31
2021-01-08,25.2,41313820,25.7,26.44,24.7
2021-01-07,25.0,32240050,24.02,25.19,23.67
2021-01-06,23.54,32732890,24.12,24.46,23.25
2021-01-05,24.6,29050440,23.18,24.67,22.89
2021-01-04,23.37,44970360,23.91,24.5,22.5
2020-12-31,23.55,39922550,24.63,24.72,23.52
2020-12-30,25.1,34586670,24.97,25.91,24.63
2020-12-29,24.66,47302420,25.75,26.1823,24.34
2020-12-28,25.63,55878710,28.39,28.59,25.4
2020-12-24,27.75,26306800,28.798,29.16,27.52
2020-12-23,28.69,58772230,28.95,29.39,28.05
2020-12-22,28.04,66196470,29.03,29.42,26.82
2020-12-21,28.51,76729130,26.19,28.7,25.4
2020-12-18,25.97,71042930,26.27,26.85,25.8
2020-12-17,27.23,53829800,26.52,27.45,26.05
2020-12-16,25.92,44013390,25.71,26.16,25.11
2020-12-15,26.43,49273240,26.82,27.1,25.52
2020-12-14,27.24,44734520,28.26,28.26,26.7301
2020-12-11,27.2,52764350,27.15,28.27,26.06
2020-12-10,27.04,57774820,25.541,28.04,25.15
2020-12-09,26.63,79634720,28.68,28.85,25.33
2020-12-08,28.59,124754300,30.63,31.24,27.25
2020-12-07,28.94,118463700,24.44,29.0,24.44
2020-12-04,23.85,56044060,24.88,25.24,23.51
2020-12-03,24.03,85634260,23.55,25.62,23.5
2020-12-02,22.51,149062100,22.24,23.4,21.15
2020-12-01,25.67,84539790,28.09,28.14,24.45
2020-11-30,27.11,137243000,28.24,30.15,24.11
2020-11-27,27.66,207834000,31.19,33.5,26.12
2020-11-25,29.05,202563700,23.96,29.75,23.69
2020-11-24,23.82,115468800,22.35,24.27,20.63
2020-11-23,21.04,84716300,18.63,21.45,18.57
2020-11-20,18.15,72103990,19.03,19.66,18.0
2020-11-19,18.98,56225400,18.5,18.98,17.96
2020-11-18,17.9,89957890,18.28,19.25,17.54
2020-11-17,17.85,116618500,16.29,18.75,16.18
2020-11-16,15.93,65325990,15.96,16.1,15.01
2020-11-13,15.8,76622570,14.49,16.0,14.49
2020-11-12,14.58,99287570,16.66,17.06,14.41
2020-11-11,15.96,47027940,14.57,15.97,14.4
2020-11-10,14.0,38078740,14.99,15.01,13.18
2020-11-09,14.67,60098960,14.96,15.9,14.11
2020-11-06,13.83,89977560,12.22,14.96,12.05
2020-11-05,11.88,48560380,10.9,12.13,10.85
2020-11-04,10.72,15783360,10.82,10.92,10.55
2020-11-03,10.5,21652810,10.57,10.94,10.44
2020-11-02,10.54,11677850,10.23,10.57,10.23
2020-10-30,10.13,19728370,10.61,10.68,9.85
2020-10-29,10.75,20515710,10.9,11.1,10.56
2020-10-28,10.85,30941720,10.66,10.985,10.1
2020-10-27,10.95,53695930,10.0,11.04,9.92
2020-10-26,9.95,23767340,9.72,9.97,9.6
2020-10-23,9.49,12618010,9.71,9.83,9.47
2020-10-22,9.68,17928580,9.37,9.75,9.22
2020-10-21,9.2,9189978,9.3,9.48,9.2
2020-10-20,9.27,11138220,9.6,9.66,9.27
2020-10-19,9.57,9126352,9.79,9.82,9.53
2020-10-16,9.71,11142460,9.94,9.95,9.66
2020-10-15,9.91,12924090,9.27,9.91,9.18
2020-10-14,9.34,13785100,9.6,9.66,9.29
2020-10-13,9.47,21847180,9.88,9.88,9.41
2020-10-12,9.89,20623570,10.04,10.05,9.66
2020-10-09,9.95,19653450,10.13,10.19,9.89
2020-10-08,10.0,34989190,10.29,10.4,9.99
2020-10-07,10.0,54672420,10.04,10.49,9.99
2020-10-06,9.9,90864040,9.04,10.18,8.9
2020-10-05,9.03,36316880,9.43,9.49,8.92
2020-10-02,9.2,55018340,9.06,9.28,8.94
2020-10-01,9.46,124297600,9.69,10.1,9.23
2020-09-30,9.5,338584400,10.0,11.42,9.11
